-- MySQL dump 10.11
--
-- Host: 127.0.0.1    Database: log
-- ------------------------------------------------------
-- Server version	5.0.95

/*!40101 SET @OLD_CHARACTER_SET_CLIENT=@@CHARACTER_SET_CLIENT */;
/*!40101 SET @OLD_CHARACTER_SET_RESULTS=@@CHARACTER_SET_RESULTS */;
/*!40101 SET @OLD_COLLATION_CONNECTION=@@COLLATION_CONNECTION */;
/*!40101 SET NAMES utf8 */;
/*!40103 SET @OLD_TIME_ZONE=@@TIME_ZONE */;
/*!40103 SET TIME_ZONE='+00:00' */;
/*!40014 SET @OLD_UNIQUE_CHECKS=@@UNIQUE_CHECKS, UNIQUE_CHECKS=0 */;
/*!40014 SET @OLD_FOREIGN_KEY_CHECKS=@@FOREIGN_KEY_CHECKS, FOREIGN_KEY_CHECKS=0 */;
/*!40101 SET @OLD_SQL_MODE=@@SQL_MODE, SQL_MODE='NO_AUTO_VALUE_ON_ZERO' */;
/*!40111 SET @OLD_SQL_NOTES=@@SQL_NOTES, SQL_NOTES=0 */;

--
-- Table structure for table `Component`
--

DROP TABLE IF EXISTS `Component`;
/*!40101 SET @saved_cs_client     = @@character_set_client */;
/*!40101 SET character_set_client = utf8 */;
CREATE TABLE `Component` (
  `Id` int(10) unsigned NOT NULL auto_increment,
  `Name` varchar(255) default NULL,
  `Comment` varchar(255) default NULL,
  PRIMARY KEY  (`Id`)
) ENGINE=MyISAM AUTO_INCREMENT=34 DEFAULT CHARSET=latin1;
/*!40101 SET character_set_client = @saved_cs_client */;

--
-- Dumping data for table `Component`
--

LOCK TABLES `Component` WRITE;
/*!40000 ALTER TABLE `Component` DISABLE KEYS */;
INSERT INTO `Component` VALUES (1,'CHE',NULL),(2,'CVA',NULL),(3,'MC',NULL),(4,'ADH',NULL),(5,'ADS',NULL),(6,'ETMS',NULL),(7,'EFX',NULL),(8,'VA-CHE',NULL),(9,'MCRS',NULL),(10,'ARB',NULL),(11,'DTIG',NULL),(12,'ITDG',NULL),(13,'EDGE',NULL),(14,'ID',NULL),(15,'TOBA',NULL),(16,'TMS',NULL),(17,'TMADS',NULL),(18,'TMADH',NULL),(19,'SIR',NULL),(20,'SPC/TOBA',NULL),(21,'SPC',NULL),(22,'SourceDistributor',NULL),(23,'ESS',NULL),(24,'ADHSPC',NULL),(25,'ADSS',NULL),(26,'ADHS',NULL),(27,'ADSSPC',NULL),(28,'ADSSPC',NULL),(29,'MCR',NULL),(30,'VAH',NULL),(31,'CIB',NULL),(32,'TDH',NULL),(33,'RDH',NULL);
/*!40000 ALTER TABLE `Component` ENABLE KEYS */;
UNLOCK TABLES;

--
-- Table structure for table `Host`
--

DROP TABLE IF EXISTS `Host`;
/*!40101 SET @saved_cs_client     = @@character_set_client */;
/*!40101 SET character_set_client = utf8 */;
CREATE TABLE `Host` (
  `Id` int(10) unsigned NOT NULL auto_increment,
  `Name` varchar(255) default NULL,
  `IP` varchar(255) default NULL,
  `User` varchar(255) default NULL,
  `Password` varchar(255) default NULL,
  `ComponentId` int(11) default NULL,
  `RegionId` int(11) default NULL,
  `Status` int(2) default NULL,
  `CreateDate` date default NULL,
  `UpdateDate` date default NULL,
  PRIMARY KEY  (`Id`)
) ENGINE=MyISAM AUTO_INCREMENT=868 DEFAULT CHARSET=latin1;
/*!40101 SET character_set_client = @saved_cs_client */;

--
-- Dumping data for table `Host`
--

LOCK TABLES `Host` WRITE;
/*!40000 ALTER TABLE `Host` DISABLE KEYS */;
INSERT INTO `Host` VALUES (14,'SLCI-DDNCHE01A','167.76.127.151','reutadmin','Pegestech1',1,1,1,'2013-02-26','2013-02-26'),(15,'SLCI-DDNCHE01B','167.76.127.152','reutadmin','Pegestech1',1,1,1,'2013-02-26','2013-02-26'),(16,'SLCI-DDNCHE02A','167.76.127.155','reutadmin','Pegestech1',1,1,1,'2013-02-26','2013-02-26'),(17,'SLCI-DDNCHE02B','167.76.127.156','reutadmin','Pegestech1',1,1,1,'2013-02-26','2013-02-26'),(18,'SLCI-DDNCHE03A','167.76.127.148','reutadmin','Pegestech1',1,1,1,'2013-02-26','2013-02-26'),(19,'SLCI-DDNCHE03B','167.76.127.149','reutadmin','Pegestech1',1,1,1,'2013-02-26','2013-02-26'),(20,'SLCI-DDNCHE04A','167.76.127.153','reutadmin','Pegestech1',1,1,1,'2013-02-26','2013-02-26'),(21,'SLCI-DDNCHE04B','167.76.127.154','reutadmin','Pegestech1',1,1,1,'2013-02-26','2013-02-26'),(22,'SLCI-DDNCHE05A','167.76.127.157','reutadmin','Pegestech1',1,1,1,'2013-02-26','2013-02-26'),(23,'SLCI-DDNCHE05B','167.76.127.158','reutadmin','Pegestech1',1,1,1,'2013-02-26','2013-02-26'),(24,'SLCI-DDNCHE06A','167.76.127.101','reutadmin','Pegestech1',1,1,1,'2013-02-26','2013-02-26'),(25,'SLCI-DDNCHE06B','167.76.127.102','reutadmin','Pegestech1',1,1,1,'2013-02-26','2013-02-26'),(26,'SLCI-DDNCHE07A','167.76.127.103','reutadmin','Pegestech1',1,1,1,'2013-02-26','2013-02-26'),(27,'SLCI-DDNCHE07B','167.76.127.104','reutadmin','Pegestech1',1,1,1,'2013-02-26','2013-02-26'),(28,'SLCI-DDNCHE08A','167.76.127.105','reutadmin','Pegestech1',1,1,1,'2013-02-26','2013-02-26'),(29,'SLCI-DDNCHE08B','167.76.127.106','reutadmin','Pegestech1',1,1,1,'2013-02-26','2013-02-26'),(30,'SLCI-DDNCHE09A','167.76.127.60','reutadmin','Pegestech1',1,1,1,'2013-02-26','2013-02-26'),(31,'SLCI-DDNCHE09B','167.76.127.90','reutadmin','Pegestech1',1,1,1,'2013-02-26','2013-02-26'),(32,'SL1I-DDNCCHE10A','167.76.127.61','reutadmin','Pegestech01',1,1,1,'2013-02-26','2013-02-26'),(33,'SL1I-DDNCCHE10B','167.76.127.91','reutadmin','Pegestech1',1,1,1,'2013-02-26','2013-02-26'),(34,'SL1I-DDNCCHE11A','167.76.127.62','reutadmin','Pegestech01',1,1,1,'2013-02-26','2013-02-26'),(35,'SL1I-DDNCCHE12A','167.76.127.63','reutadmin','Pegestech01',1,1,1,'2013-02-26','2013-02-26'),(36,'SL1I-DDNCCHE13A','167.76.127.64','reutadmin','Pegestech1',1,1,1,'2013-02-26','2013-02-26'),(37,'SL1I-DDNCCHE14A','167.76.127.65','reutadmin','Pegestech01',1,1,1,'2013-02-26','2013-02-26'),(38,'SL1I-DDNCCHE15A','167.76.127.70','reutadmin','Pegestech01',1,1,1,'2013-02-26','2013-02-26'),(39,'SL1I-DDNCCHE16A','167.76.127.71','reutadmin','Pegestech01',1,1,1,'2013-02-26','2013-02-26'),(40,'SL1I-DDNCHE17A','167.76.127.72','reutadmin','Pegestech1',1,1,1,'2013-02-26','2013-03-06'),(41,'SL1I-DDNCHE18A','167.76.127.73','reutadmin','Pegestech1',1,1,1,'2013-02-26','2013-03-06'),(42,'SLCI-DDNCHE19A','167.76.126.225','reutadmin','Pegestech1',1,1,1,'2013-02-26','2013-02-26'),(43,'SLCI-DDNCHE19B','167.76.126.226','reutadmin','Pegestech1',1,1,1,'2013-02-26','2013-02-26'),(44,'SLCI-DDNCHE20A','167.76.126.227','reutadmin','Pegestech1',1,1,1,'2013-02-26','2013-02-26'),(45,'SLCI-DDNCHE20B','167.76.126.228','reutadmin','Pegestech1',1,1,1,'2013-02-26','2013-02-26'),(46,'SLCI-DDNCHE21A','167.76.126.229','reutadmin','Pegestech1',1,1,1,'2013-02-26','2013-02-26'),(47,'SLCI-DDNCHE21B','167.76.126.230','reutadmin','Pegestech1',1,1,1,'2013-02-26','2013-02-26'),(48,'SLCI-DDNCHE22A','167.76.126.231','reutadmin','Pegestech1',1,1,1,'2013-02-26','2013-02-26'),(49,'SLCI-DDNCHE22B','167.76.126.232','reutadmin','Pegestech1',1,1,1,'2013-02-26','2013-02-26'),(50,'SLCI-DDNCHE23A','167.76.126.233','reutadmin','Pegestech1',1,1,1,'2013-02-26','2013-02-26'),(51,'SLCI-DDNCHE24A','167.76.126.235','reutadmin','Pegestech1',1,1,1,'2013-02-26','2013-02-26'),(52,'SLCI-DDNCHE25A','167.76.126.237','reutadmin','Pegestech1',1,1,1,'2013-02-26','2013-02-26'),(53,'SLCI-DDNCHE26A','167.76.126.238','reutadmin','Pegestech1',1,1,1,'2013-02-26','2013-02-26'),(54,'SL1I-DDNCCHE27A','167.76.126.239','reutadmin','Pegestech01',1,1,1,'2013-02-26','2013-02-26'),(55,'SL1I-DDNCCHE27B','167.76.126.240','reutadmin','Pegestech01',1,1,1,'2013-02-26','2013-02-26'),(56,'SL1I-DDNCCHE28A','167.76.126.241','reutadmin','Pegestech01',1,1,1,'2013-02-26','2013-02-26'),(57,'SL1I-DDNCCHE28B','167.76.126.242','reutadmin','Pegestech01',1,1,1,'2013-02-26','2013-02-26'),(58,'SLCI-DDNEFX01A','167.76.126.243','reutadmin','Pegestech01',7,1,1,'2013-02-26','2013-02-26'),(59,'SLCI-DDNEFX01B','167.76.126.234','reutadmin','Pegestech01',7,1,1,'2013-02-26','2013-02-26'),(60,'SLCI-DDNEFX02B','167.76.126.236','reutadmin','Pegestech01',7,1,1,'2013-02-26','2013-02-26'),(61,'SLCI-DDNEXF02A','167.76.126.244','reutadmin','Pegestech01',7,1,1,'2013-02-26','2013-02-26'),(62,'SLVI-DDNCHE01A','167.76.127.189','reutadmin','Pegestech1',1,1,1,'2013-02-26','2013-02-26'),(63,'SLVI-DDNCHE01B','167.76.127.194','reutadmin','Pegestech1',1,1,1,'2013-02-26','2013-02-26'),(64,'SLVI-DDNCHE02A','167.76.127.182','reutadmin','Pegestech1',1,1,1,'2013-02-26','2013-02-26'),(65,'SLVI-DDNCHE02B','167.76.127.198','reutadmin','Pegestech1',1,1,1,'2013-02-26','2013-02-26'),(66,'SLVI-DDNCHE03B','167.76.127.21','reutadmin','Pegestech1',1,1,1,'2013-02-26','2013-02-26'),(67,'SLVI-DDNCVA01A','167.76.127.187','reutadmin','Pegestech1',2,1,1,'2013-02-26','2013-02-26'),(68,'SLVI-DDNCVA01B','167.76.127.192','reutadmin','Pegestech1',2,1,1,'2013-02-26','2013-02-26'),(69,'SLVI-DDNCVA02A','167.76.127.188','reutadmin','Pegestech1',2,1,1,'2013-02-26','2013-02-26'),(70,'SLVI-DDNCVA02B','167.76.127.193','reutadmin','Pegestech1',2,1,1,'2013-02-26','2013-02-26'),(71,'SLVI-DDNCVA03A','167.76.127.39','reutadmin','Pegestech1',2,1,1,'2013-02-26','2013-02-26'),(72,'SLVI-DDNCVA03B','167.76.127.40','reutadmin','Pegestech1',2,1,1,'2013-02-26','2013-02-26'),(73,'SLVI-DDNCVA04A','167.76.127.34','reutadmin','Pegestech1',2,1,1,'2013-02-26','2013-02-26'),(74,'SLVI-DDNCVA04B','167.76.127.35','reutadmin','Pegestech1',2,1,1,'2013-02-26','2013-02-26'),(75,'SLVI-DDNCVA05A','167.76.127.36','reutadmin','Pegestech1',2,1,1,'2013-02-26','2013-02-26'),(76,'SLVI-DDNCVA05B','167.76.127.37','reutadmin','Pegestech1',2,1,1,'2013-02-26','2013-02-26'),(77,'SLVI-DDNCVA06A','167.76.126.131','reutadmin','Pegestech1',2,1,1,'2013-02-26','2013-02-26'),(78,'SLVI-DDNCVA06B','167.76.126.132','reutadmin','Pegestech1',2,1,1,'2013-02-26','2013-02-26'),(79,'SLVI-DDNCVA07A','167.76.126.135','reutadmin','Pegestech1',2,1,1,'2013-02-26','2013-02-26'),(80,'SLVI-DDNCVA07B','167.76.126.136','reutadmin','Pegestech1',2,1,1,'2013-02-26','2013-02-26'),(81,'SLVI-DDNCVA08B','167.76.126.134','reutadmin','Pegestech1',2,1,1,'2013-02-26','2013-02-26'),(82,'SLMI-DDNDTIG01A','167.76.127.116','reutadmin','Pegestech1',11,1,1,'2013-02-26','2013-02-26'),(83,'SLMI-DDNDTIG01B','167.76.127.117','reutadmin','Pegestech1',11,1,1,'2013-02-26','2013-02-26'),(84,'SLMI-DDNDTIG02A','167.76.127.118','reutadmin','Pegestech1',11,1,1,'2013-02-26','2013-02-26'),(85,'SLMI-DDNDTIG02B','167.76.127.119','reutadmin','Pegestech1',11,1,1,'2013-02-26','2013-02-26'),(86,'SLMI-DDNDTIG03A','167.76.127.120','reutadmin','Pegestech1',11,1,1,'2013-02-26','2013-02-26'),(87,'SLMI-DDNDTIG03B','167.76.127.121','reutadmin','Pegestech1',11,1,1,'2013-02-26','2013-02-26'),(88,'SLMI-DDNDTIG04A','167.76.127.122','reutadmin','Pegestech1',11,1,1,'2013-02-26','2013-02-26'),(89,'SLMI-DDNDTIG04B','167.76.127.123','reutadmin','Pegestech1',11,1,1,'2013-02-26','2013-02-26'),(90,'SLMI-DDNDTIG05A','167.76.127.124','reutadmin','Pegestech1',11,1,1,'2013-02-26','2013-02-26'),(91,'SLMI-DDNDTIG05B','167.76.127.125','reutadmin','Pegestech1',11,1,1,'2013-02-26','2013-02-26'),(92,'SLMI-DDNDTIG06A','167.76.127.126','reutadmin','Pegestech1',11,1,1,'2013-02-26','2013-02-26'),(93,'SLMI-DDNDTIG06B','167.76.127.127','reutadmin','Pegestech1',11,1,1,'2013-02-26','2013-02-26'),(94,'SLMI-DDNDTIG07A','167.76.127.22','reutadmin','Pegestech1',11,1,1,'2013-02-26','2013-02-26'),(95,'SLMI-DDNDTIG07B','167.76.127.183','reutadmin','Pegestech1',11,1,1,'2013-02-26','2013-02-26'),(96,'SLMI-DDNDTIG08A','167.76.127.23','reutadmin','Pegestech1',11,1,1,'2013-02-26','2013-02-26'),(97,'SLMI-DDNDTIG08B','167.76.127.184','reutadmin','Pegestech1',11,1,1,'2013-02-26','2013-02-26'),(98,'SLMI-DDNESS02A','167.76.127.109','reutadmin','Pegestech1',23,1,1,'2013-02-26','2013-02-26'),(99,'SLMI-DDNESS02B','167.76.127.110','reutadmin','Pegestech1',23,1,1,'2013-02-26','2013-02-26'),(100,'SLDI-DDNIDIR02A','167.76.127.56','reutadmin','Pegestech1',14,1,1,'2013-02-26','2013-02-26'),(101,'SLDI-DDNIDIR02B','167.76.127.57','reutadmin','Pegestech1',14,1,1,'2013-02-26','2013-02-26'),(102,'SLDI-DDNIDIR03A','167.76.126.201','reutadmin','Pegestech1',14,1,1,'2013-02-26','2013-02-26'),(103,'SLDI-DDNIDIR03B','167.76.126.202','reutadmin','Pegestech1',14,1,1,'2013-02-26','2013-02-26'),(104,'SLMI-DDNITDG01A','167.76.127.165','reutadmin','Pegestech1',12,1,1,'2013-02-26','2013-02-26'),(105,'SLMI-DDNITDG01B','167.76.127.175','reutadmin','Pegestech1',12,1,1,'2013-02-26','2013-02-26'),(106,'SLMI-DDNITDG02A','167.76.127.166','reutadmin','Pegestech1',12,1,1,'2013-02-26','2013-02-26'),(107,'SLMI-DDNITDG02B','167.76.127.176','reutadmin','Pegestech1',12,1,1,'2013-02-26','2013-02-26'),(108,'SLMI-DDNITDG03A','167.76.127.167','reutadmin','Pegestech1',12,1,1,'2013-02-26','2013-02-26'),(109,'SLMI-DDNITDG03B','167.76.127.177','reutadmin','Pegestech1',12,1,1,'2013-02-26','2013-02-26'),(110,'SLMI-DDNMCA01A','167.76.127.161','reutadmin','Pegestech1',3,1,1,'2013-02-26','2013-02-26'),(111,'SLMI-DDNMCA01B','167.76.127.171','reutadmin','Pegestech1',3,1,1,'2013-02-26','2013-02-26'),(112,'SLMI-DDNMCA02A','167.76.127.162','reutadmin','Pegestech1',3,1,1,'2013-02-26','2013-02-26'),(113,'SLMI-DDNMCA02B','167.76.127.172','reutadmin','Pegestech1',3,1,1,'2013-02-26','2013-02-26'),(114,'SLMI-DDNMCA03A','167.76.127.163','reutadmin','Pegestech1',3,1,1,'2013-02-26','2013-02-26'),(115,'SLMI-DDNMCA04A','167.76.127.164','reutadmin','Pegestech1',3,1,1,'2013-02-26','2013-02-26'),(116,'SLMI-DDNMCA05A','167.76.127.210','reutadmin','Pegestech1',3,1,1,'2013-02-26','2013-02-26'),(117,'SLMI-DDNMCA06A','167.76.127.211','reutadmin','Pegestech1',3,1,1,'2013-02-26','2013-02-26'),(118,'SLMI-DDNMCA07A','167.76.127.212','reutadmin','Pegestech1',3,1,1,'2013-02-26','2013-02-26'),(119,'SLMI-DDNMCA08A','167.76.127.213','reutadmin','Pegestech1',3,1,1,'2013-02-26','2013-02-26'),(120,'SLMI-DDNMCA09A','167.76.127.78','reutadmin','Pegestech1',3,1,1,'2013-02-26','2013-02-26'),(121,'SLMI-DDNMCA09B','167.76.127.67','reutadmin','Pegestech1',3,1,1,'2013-02-26','2013-02-26'),(122,'SLMI-DDNMCA10A','167.76.127.79','reutadmin','Pegestech1',3,1,1,'2013-02-26','2013-02-26'),(123,'SLMI-DDNMCA10B','167.76.127.68','reutadmin','Pegestech1',3,1,1,'2013-02-26','2013-02-26'),(124,'SLMI-DDNMCA11A','167.76.127.80','reutadmin','Pegestech1',3,1,1,'2013-02-26','2013-02-26'),(125,'SLMI-DDNMCA12A','167.76.127.81','reutadmin','Pegestech1',3,1,1,'2013-02-26','2013-02-26'),(126,'SLMI-DDNMCA13A','167.76.127.82','reutadmin','Pegestech1',3,1,1,'2013-02-26','2013-02-26'),(127,'SLMI-DDNMCA14A','167.76.127.83','reutadmin','Pegestech1',3,1,1,'2013-02-26','2013-02-26'),(128,'SLMI-DDNMCA15A','167.76.127.84','reutadmin','Pegestech1',3,1,1,'2013-02-26','2013-02-26'),(129,'SLMI-DDNMCA16A','167.76.127.85','reutadmin','Pegestech1',3,1,1,'2013-02-26','2013-02-26'),(130,'SLMI-DDNMCRS02A','167.76.127.173','reutadmin','Pegestech1',9,1,1,'2013-02-26','2013-02-26'),(131,'SLMI-DDNMCRS02B','167.76.127.174','reutadmin','Pegestech1',9,1,1,'2013-02-26','2013-02-26'),(132,'SLDI-DDNADH01A','167.76.127.42','reutadmin','Pegestech1',4,1,1,'2013-02-26','2013-02-26'),(133,'SLDI-DDNADH01B','167.76.127.43','reutadmin','Pegestech1',4,1,1,'2013-02-26','2013-02-26'),(134,'SLDI-DDNADH02A','167.76.127.44','reutadmin','Pegestech1',4,1,1,'2013-02-26','2013-02-26'),(135,'SLDI-DDNADH02B','167.76.127.45','reutadmin','Pegestech1',4,1,1,'2013-02-26','2013-02-26'),(136,'STLI-DDNMSRC01B','167.76.127.46','reutadmin','Pegestech1',4,1,1,'2013-02-26','2013-02-26'),(137,'SLDI-DDNADH03B','167.76.127.47','reutadmin','Pegestech1',4,1,1,'2013-02-26','2013-02-26'),(138,'SLDI-DDNADH04A','167.76.127.48','reutadmin','Pegestech1',4,1,1,'2013-02-26','2013-02-26'),(139,'SLDI-DDNADH04B','167.76.127.49','reutadmin','Pegestech1',4,1,1,'2013-02-26','2013-02-26'),(140,'SLDI-DDNADH05A','167.76.127.50','reutadmin','Pegestech1',4,1,1,'2013-02-26','2013-02-26'),(141,'SLDI-DDNADH05B','167.76.127.51','reutadmin','Pegestech1',4,1,1,'2013-02-26','2013-02-26'),(142,'SLDI-DDNADH06A','167.76.127.52','reutadmin','Pegestech1',4,1,1,'2013-02-26','2013-02-26'),(143,'SLDI-DDNADH06B','167.76.127.53','reutadmin','Pegestech1',4,1,1,'2013-02-26','2013-02-26'),(144,'SLDI-DDNADH07A','167.76.127.54','reutadmin','Pegestech1',4,1,1,'2013-02-26','2013-02-26'),(145,'SLDI-DDNADH07B','167.76.127.55','reutadmin','Pegestech1',4,1,1,'2013-02-26','2013-02-26'),(146,'SLDI-DDNADH08A','167.76.127.147','reutadmin','Pegestech1',4,1,1,'2013-02-26','2013-02-26'),(147,'SLDI-DDNADH08B','167.76.127.223','reutadmin','Pegestech1',4,1,1,'2013-02-26','2013-02-26'),(148,'SLDI-DDNADH09A','167.76.127.206','reutadmin','Pegestech1',4,1,1,'2013-02-26','2013-02-26'),(149,'SLDI-DDNADH09B','167.76.127.227','reutadmin','Pegestech1',4,1,1,'2013-02-26','2013-02-26'),(150,'SLDI-DDNADH10A','167.76.126.209','reutadmin','Pegestech1',4,1,1,'2013-02-26','2013-02-26'),(151,'SLDI-DDNADH10B','167.76.126.210','reutadmin','Pegestech1',4,1,1,'2013-02-26','2013-02-26'),(152,'SLDI-DDNADH11A','167.76.126.196','reutadmin','Pegestech1',4,1,1,'2013-02-26','2013-02-26'),(153,'SLDI-DDNADS01A','167.76.126.211','reutadmin','Pegestech1',4,1,1,'2013-02-26','2013-02-26'),(154,'SLDI-DDNTADS01B','167.76.126.220','reutadmin','Pegestech1',4,1,1,'2013-02-26','2013-02-26'),(155,'SLDI-DDNTADS02B','167.76.126.222','reutadmin','Pegestech1',4,1,1,'2013-02-26','2013-02-26'),(156,'SLDI-DDNTTMA01B','167.76.126.214','reutadmin','Pegestech1',4,1,1,'2013-02-26','2013-02-26'),(157,'SLDI-DDNTTMA02B','167.76.126.216','reutadmin','Pegestech1',4,1,1,'2013-02-26','2013-02-26'),(158,'SLDI-DDNTTMA03B','167.76.126.218','reutadmin','Pegestech1',4,1,1,'2013-02-26','2013-02-26'),(159,'STLI-DDNMSRC02A','167.76.127.2','reutadmin','Pegestech1',4,1,1,'2013-02-26','2013-02-26'),(160,'STLI-DDNMSRC02B','167.76.127.3','reutadmin','Pegestech1',4,1,1,'2013-02-26','2013-02-26'),(161,'SLVI-DDNADH03A','167.76.127.16','reutadmin','Pegestech1',4,1,1,'2013-02-26','2013-02-26'),(162,'SLVI-DDNADH03B','167.76.127.17','reutadmin','Pegestech1',4,1,1,'2013-02-26','2013-02-26'),(163,'STLI-DDNMSRC04A','167.76.126.129','reutadmin','Pegestech1',4,1,1,'2013-02-26','2013-02-26'),(164,'STLI-DDNMSRC04B','167.76.126.130','reutadmin','Pegestech1',4,1,1,'2013-02-26','2013-02-26'),(165,'SLVI-DDNCVA08A','167.76.126.133','reutadmin','Pegestech1',4,1,1,'2013-02-26','2013-02-26'),(166,'SLDI-DDNADHS01A','167.76.127.92','reutadmin','Pegestech1',24,1,1,'2013-02-26','2013-02-26'),(167,'SLDI-DDNADHS01B','167.76.127.93','reutadmin','Pegestech1',24,1,1,'2013-02-26','2013-02-26'),(168,'SLDI-DDNADHS03A','167.76.126.205','reutadmin','Pegestech1',26,1,1,'2013-02-26','2013-02-26'),(169,'SLDI-DDNADS01B','167.76.126.212','reutadmin','Pegestech1',5,1,1,'2013-02-26','2013-02-26'),(170,'SLDI-DDNADS02A','167.76.127.58','reutadmin','Pegestech1',5,1,1,'2013-02-26','2013-02-26'),(171,'SLDI-DDNADS02B','167.76.127.59','reutadmin','Pegestech1',5,1,1,'2013-02-26','2013-02-26'),(172,'SLDI-DDNADS03A','167.76.127.10','reutadmin','Pegestech1',5,1,1,'2013-02-26','2013-02-26'),(173,'SLDI-DDNADS04A','167.76.126.198','reutadmin','Pegestech1',5,1,1,'2013-02-26','2013-02-26'),(174,'SLVI-DDNADS01A','167.76.127.186','reutadmin','Pegestech1',5,1,1,'2013-02-26','2013-02-26'),(175,'SLVI-DDNADS02A','167.76.127.95','reutadmin','Pegestech1',5,1,1,'2013-02-26','2013-02-26'),(176,'SLDI-DDNADSS01A','167.76.127.107','reutadmin','Pegestech1',27,1,1,'2013-02-26','2013-02-26'),(177,'SLDI-DDNADSS01B','167.76.127.108','reutadmin','Pegestech1',27,1,1,'2013-02-26','2013-02-26'),(178,'SLDI-DDNADSS03A','167.76.126.206','reutadmin','Pegestech1',25,1,1,'2013-02-26','2013-02-26'),(179,'SLMI-DDNARB01A','167.76.127.159','reutadmin','Pegestech1',10,1,1,'2013-02-26','2013-02-26'),(180,'SLMI-DDNARB01B','167.76.127.169','reutadmin','Pegestech1',10,1,1,'2013-02-26','2013-02-26'),(181,'SLMI-DDNARB02A','167.76.127.160','reutadmin','Pegestech1',10,1,1,'2013-02-26','2013-02-26'),(182,'SLMI-DDNARB02B','167.76.127.170','reutadmin','Pegestech1',10,1,1,'2013-02-26','2013-02-26'),(183,'SLMI-DDNARB03A','167.76.127.178','reutadmin','Pegestech1',10,1,1,'2013-02-26','2013-02-26'),(184,'SLMI-DDNARB03B','167.76.127.179','reutadmin','Pegestech1',10,1,1,'2013-02-26','2013-02-26'),(185,'SLMI-DDNARB04A','167.76.127.180','reutadmin','Pegestech1',10,1,1,'2013-02-26','2013-02-26'),(186,'SLMI-DDNARB04B','167.76.127.181','reutadmin','Pegestech1',10,1,1,'2013-02-26','2013-02-26'),(187,'SLMI-DDNARB09A','167.76.127.74','reutadmin','Pegestech1',10,1,1,'2013-02-26','2013-02-26'),(188,'SLMI-DDNARB09B','167.76.127.75','reutadmin','Pegestech1',10,1,1,'2013-02-26','2013-02-26'),(189,'SLMI-DDNARB10A','167.76.127.76','reutadmin','Pegestech1',10,1,1,'2013-02-26','2013-02-26'),(190,'SLMI-DDNARB10B','167.76.127.77','reutadmin','Pegestech1',10,1,1,'2013-02-26','2013-02-26'),(191,'SLMI-DDNARB11A','167.76.127.86','reutadmin','Pegestech1',10,1,1,'2013-02-26','2013-02-26'),(192,'SLMI-DDNARB11B','167.76.127.87','reutadmin','Pegestech1',10,1,1,'2013-02-26','2013-02-26'),(193,'SLMI-DDNARB12A','167.76.127.88','reutadmin','Pegestech1',10,1,1,'2013-02-26','2013-02-26'),(194,'SLMI-DDNARB12B','167.76.127.89','reutadmin','Pegestech1',10,1,1,'2013-02-26','2013-02-26'),(195,'SLMI-DDNARBD01A','167.76.127.114','reutadmin','Pegestech1',10,1,1,'2013-02-26','2013-02-26'),(196,'SLMI-DDNARBD01B','167.76.127.115','reutadmin','Pegestech1',10,1,1,'2013-02-26','2013-02-26'),(197,'SLMI-DDNARBD02A','167.76.127.24','reutadmin','Pegestech1',10,1,1,'2013-02-26','2013-02-26'),(198,'SLMI-DDNARBD02B','167.76.127.25','reutadmin','Pegestech1',10,1,1,'2013-02-26','2013-02-26'),(199,'SLDI-DDNSIR01B','167.76.126.195','reutadmin','Pegestech1',19,1,1,'2013-02-26','2013-02-26'),(200,'SLVI-DDNADH01A','167.76.127.185','reutadmin','Pegestech1',22,1,1,'2013-02-26','2013-02-26'),(201,'SLDI-DDNTOBA01A','167.76.127.253','reutadmin','Pegestech1',21,1,1,'2013-02-26','2013-02-26'),(202,'SLDI-DDNTOBA01B','167.76.127.254','reutadmin','Pegestech1',21,1,1,'2013-02-26','2013-02-26'),(203,'SLDI-DDNTOBA02A','167.76.126.207','reutadmin','Pegestech1',20,1,1,'2013-02-26','2013-02-26'),(204,'SLDI-DDNTOBA02B','167.76.126.208','reutadmin','Pegestech1',20,1,1,'2013-02-26','2013-02-26'),(205,'SLDI-DDNSIR01A','167.76.127.66','reutadmin','Pegestech1',19,1,1,'2013-02-26','2013-02-26'),(206,'SLDI-DDNTTMA01A','167.76.126.213','reutadmin','Pegestech1',18,1,1,'2013-02-26','2013-02-26'),(207,'SLDI-DDNTTMA02A','167.76.126.215','reutadmin','Pegestech1',18,1,1,'2013-02-26','2013-02-26'),(208,'SLDI-DDNTTMA03A','167.76.126.217','reutadmin','Pegestech1',18,1,1,'2013-02-26','2013-02-26'),(209,'SLDI-DDNTADS01A','167.76.126.219','reutadmin','Pegestech1',17,1,1,'2013-02-26','2013-02-26'),(210,'SLDI-DDNTADS02A','167.76.126.221','reutadmin','Pegestech1',17,1,1,'2013-02-26','2013-02-26'),(211,'SLMI-TMSDDN01A','167.76.127.144','reutadmin','Pegestech01',16,1,1,'2013-02-26','2013-02-26'),(212,'SLMI-TMSDDN02A','167.76.127.145','reutadmin','Pegestech01',16,1,1,'2013-02-26','2013-02-26'),(213,'SLMI-TMSDDN03A','167.76.127.146','reutadmin','Pegestech01',16,1,1,'2013-02-26','2013-02-26'),(214,'SLDI-DDNTOBA03A','167.76.126.203','reutadmin','Pegestech1',15,1,1,'2013-02-26','2013-02-26'),(215,'SLDI-DDNTOBA03B','167.76.126.204','reutadmin','Pegestech1',15,1,1,'2013-02-26','2013-02-26'),(216,'SCCI-DDNCHE07A','167.76.126.199','reutadmin','Pegestech01',1,1,1,'2013-02-26','2013-02-26'),(217,'SCCI-DDNCHE08A','167.76.126.200','reutadmin','Pegestech01',1,1,1,'2013-02-26','2013-02-26'),(218,'SCCI-DDNEFX01A','167.76.126.197','reutadmin','Pegestech01',7,1,1,'2013-02-26','2013-02-26'),(715,'lmhi-ddniidg02a','10.117.170.105','reutadmin','Reuters1',12,2,1,'2013-07-03','2013-07-03'),(714,'lmhi-ddniidg01b','10.117.170.104','reutadmin','Reuters1',12,2,1,'2013-07-03','2013-07-03'),(713,'lmhi-ddniidg01a','10.117.170.103','reutadmin','Reuters1',12,2,1,'2013-07-03','2013-07-03'),(712,'mh2i-ddncefx02b','10.117.47.70','reutadmin','Reuters01',7,2,1,'2013-07-03','2013-07-03'),(711,'mh2i-ddncefx01b','10.117.47.69','reutadmin','Reuters01',7,2,1,'2013-07-03','2013-07-03'),(710,'mh2i-ddncefx02a','10.117.47.68','reutadmin','Reuters01',7,2,1,'2013-07-03','2013-07-03'),(709,'mh2i-ddncefx01a','10.117.47.67','reutadmin','Reuters01',7,2,1,'2013-07-03','2013-07-03'),(708,'lmhi-ddndeed04b','10.117.171.242','reutadmin','Reuters1',13,2,1,'2013-07-03','2013-07-03'),(707,'lmhi-ddnmeed04a','10.117.171.236','reutadmin','Reuters1',13,2,1,'2013-07-03','2013-07-03'),(706,'lmhi-ddnmeed03a','10.117.171.235','reutadmin','Reuters1',13,2,1,'2013-07-03','2013-07-03'),(705,'lmhi-ddnmeed02a','10.117.171.234','reutadmin','Reuters1',13,2,1,'2013-07-03','2013-07-03'),(704,'lmhi-ddnmeed01b','10.117.170.162','reutadmin','Reuters1',13,2,1,'2013-07-03','2013-07-03'),(703,'lmhi-ddnmeed01a','10.117.170.161','reutadmin','Reuters1',13,2,1,'2013-07-03','2013-07-03'),(702,'lmhi-ddnidig08b','10.117.170.134','reutadmin','Reuters1',11,2,1,'2013-07-03','2013-07-03'),(701,'lmhi-ddnidig08a','10.117.170.133','reutadmin','Reuters1',11,2,1,'2013-07-03','2013-07-03'),(700,'lmhi-ddnidig07b','10.117.170.132','reutadmin','Reuters1',11,2,1,'2013-07-03','2013-07-03'),(699,'lmhi-ddnidig07a','10.117.170.131','reutadmin','Reuters1',11,2,1,'2013-07-03','2013-07-03'),(698,'lmhi-ddnidig06b','10.117.170.130','reutadmin','Reuters1',11,2,1,'2013-07-03','2013-07-03'),(697,'lmhi-ddnidig06a','10.117.170.129','reutadmin','Reuters1',11,2,1,'2013-07-03','2013-07-03'),(696,'lmhi-ddnidig05b','10.117.170.128','reutadmin','Reuters1',11,2,1,'2013-07-03','2013-07-03'),(695,'lmhi-ddnidig05a','10.117.170.127','reutadmin','Reuters1',11,2,1,'2013-07-03','2013-07-03'),(694,'lmhi-ddnidig04b','10.117.170.126','reutadmin','Reuters1',11,2,1,'2013-07-03','2013-07-03'),(693,'lmhi-ddnidig04a','10.117.170.125','reutadmin','Reuters1',11,2,1,'2013-07-03','2013-07-03'),(692,'lmhi-ddnidig03b','10.117.170.124','reutadmin','Reuters1',11,2,1,'2013-07-03','2013-07-03'),(691,'lmhi-ddnidig03a','10.117.170.123','reutadmin','Reuters1',11,2,1,'2013-07-03','2013-07-03'),(690,'lmhi-ddnidig02b','10.117.170.122','reutadmin','Reuters1',11,2,1,'2013-07-03','2013-07-03'),(689,'lmhi-ddnidig02a','10.117.170.121','reutadmin','Reuters1',11,2,1,'2013-07-03','2013-07-03'),(688,'lmhi-ddnidig01b','10.117.170.120','reutadmin','Reuters1',11,2,1,'2013-07-03','2013-07-03'),(822,'SL1I-DDNCTMS02B','167.76.126.86','reutadmin','Pegestech01',6,1,1,'2013-03-06','2013-03-06'),(687,'lmhi-ddnidig01a','10.117.170.119','reutadmin','Reuters1',11,2,1,'2013-07-03','2013-07-03'),(686,'lmhi-ddnmcva07b','10.117.170.86','reutadmin','Reuters1',2,2,1,'2013-07-03','2013-07-16'),(685,'lmhi-ddnmcva07a','10.117.170.85','reutadmin','Reuters1',2,2,1,'2013-07-03','2013-07-16'),(684,'lmhi-ddnmcva06b','10.117.170.84','reutadmin','Reuters1',2,2,1,'2013-07-03','2013-07-16'),(683,'lmhi-ddnmcva06a','10.117.170.83','reutadmin','Reuters1',2,2,1,'2013-07-03','2013-07-16'),(682,'lmhi-ddnmcva05b','10.117.170.82','reutadmin','Reuters1',2,2,1,'2013-07-03','2013-07-16'),(681,'lmhi-ddnmcva05a','10.117.170.81','reutadmin','Reuters1',2,2,1,'2013-07-03','2013-07-16'),(680,'lmhi-ddnmcva04b','10.117.170.80','reutadmin','Reuters1',2,2,1,'2013-07-03','2013-07-16'),(821,'SL1I-DDNCTMS02A','167.76.126.85','reutadmin','Pegestech01',6,1,1,'2013-03-06','2013-03-06'),(679,'lmhi-ddnmcva04a','10.117.170.79','reutadmin','Reuters1',2,2,1,'2013-07-03','2013-07-16'),(678,'lmhi-ddnmcva03b','10.117.170.78','reutadmin','Reuters1',2,2,1,'2013-07-03','2013-07-16'),(677,'lmhi-ddnmcva03a','10.117.170.77','reutadmin','Reuters1',2,2,1,'2013-07-03','2013-07-16'),(676,'lmhi-ddnmcva02b','10.117.170.76','reutadmin','Reuters1',2,2,1,'2013-07-03','2013-07-16'),(675,'lmhi-ddnmcva02a','10.117.170.75','reutadmin','0',2,2,1,'2013-07-03','2013-07-03'),(674,'lmhi-ddnmcva01b','10.117.170.74','reutadmin','Reuters1',2,2,1,'2013-07-03','2013-07-16'),(673,'lmhi-ddnmcva01a','10.117.170.73','reutadmin','Reuters1',2,2,1,'2013-07-03','2013-07-16'),(672,'mh2i-ddncche30b','10.117.47.137','reutadmin','Reuters1',1,2,1,'2013-07-03','2013-07-16'),(671,'mh2i-ddncche30a','10.117.47.135','reutadmin','Reuters1',1,2,1,'2013-07-03','2013-07-16'),(670,'mh2i-ddncche29b','10.117.47.136','reutadmin','Reuters1',1,2,1,'2013-07-03','2013-07-16'),(669,'mh2i-ddncche29a','10.117.47.134','reutadmin','Reuters1',1,2,1,'2013-07-03','2013-07-16'),(668,'mh2i-ddncche28b','10.117.47.56','reutadmin','Reuters1',1,2,1,'2013-07-03','2013-07-16'),(819,'SL1I-DDNCTMS01A','167.76.126.83','reutadmin','Pegestech01',6,1,1,'2013-03-06','2013-03-06'),(667,'mh2i-ddncche28a','10.117.47.42','reutadmin','Reuters1',1,2,1,'2013-07-03','2013-07-16'),(666,'mh2i-ddncche27b','10.117.47.55','reutadmin','Reuters1',1,2,1,'2013-07-03','2013-07-16'),(665,'mh2i-ddncche27a','10.117.47.41','reutadmin','Reuters1',1,2,1,'2013-07-03','2013-07-16'),(664,'mh2i-ddncche26b','10.117.47.54','reutadmin','Reuters1',1,2,1,'2013-07-03','2013-07-16'),(663,'mh2i-ddncche26a','10.117.47.40','reutadmin','Reuters1',1,2,1,'2013-07-03','2013-07-16'),(662,'mh2i-ddncche25b','10.117.47.53','reutadmin','Reuters1',1,2,1,'2013-07-03','2013-07-16'),(661,'mh2i-ddncche25a','10.117.47.39','reutadmin','Reuters1',1,2,1,'2013-07-03','2013-07-16'),(660,'mh2i-ddncche24b','10.117.47.52','reutadmin','Reuters1',1,2,1,'2013-07-03','2013-07-16'),(659,'mh2i-ddncche24a','10.117.47.38','reutadmin','Reuters1',1,2,1,'2013-07-03','2013-07-16'),(658,'mh2i-ddncche23b','10.117.47.51','reutadmin','Reuters1',1,2,1,'2013-07-03','2013-07-16'),(657,'mh2i-ddncche23a','10.117.47.37','reutadmin','Reuters1',1,2,1,'2013-07-03','2013-07-16'),(656,'mh2i-ddncche22b','10.117.47.50','reutadmin','Reuters1',1,2,1,'2013-07-03','2013-07-16'),(655,'mh2i-ddncche22a','10.117.47.36','reutadmin','Reuters1',1,2,1,'2013-07-03','2013-07-16'),(654,'mh2i-ddncche21b','10.117.47.49','reutadmin','Reuters1',1,2,1,'2013-07-03','2013-07-16'),(653,'mh2i-ddncche21a','10.117.47.35','reutadmin','Reuters1',1,2,1,'2013-07-03','2013-07-16'),(652,'mh2i-ddncche20b','10.117.47.48','reutadmin','Reuters1',1,2,1,'2013-07-03','2013-07-16'),(651,'mh2i-ddncche20a','10.117.47.34','reutadmin','Reuters1',1,2,1,'2013-07-03','2013-07-16'),(650,'mh2i-ddncche19b','10.117.47.47','reutadmin','Reuters1',1,2,1,'2013-07-03','2013-07-16'),(649,'mh2i-ddncche19a','10.117.47.33','reutadmin','Reuters1',1,2,1,'2013-07-03','2013-07-16'),(648,'mh2i-ddncche18b','10.117.47.46','reutadmin','Reuters1',1,2,1,'2013-07-03','2013-07-16'),(647,'mh2i-ddncche18a','10.117.47.32','reutadmin','Reuters1',1,2,1,'2013-07-03','2013-07-16'),(646,'mh2i-ddncche17b','10.117.47.45','reutadmin','Reuters1',1,2,1,'2013-07-03','2013-07-16'),(645,'mh2i-ddncche17a','10.117.47.31','reutadmin','Reuters1',1,2,1,'2013-07-03','2013-07-16'),(644,'mh2i-ddncche16b','10.117.47.44','reutadmin','Reuters1',1,2,1,'2013-07-03','2013-07-16'),(643,'mh2i-ddncche16a','10.117.47.30','reutadmin','Reuters1',1,2,1,'2013-07-03','2013-07-16'),(642,'mh2i-ddncche15b','10.117.47.43','reutadmin','Reuters1',1,2,1,'2013-07-03','2013-07-16'),(641,'mh2i-ddncche15a','10.117.47.29','reutadmin','Reuters1',1,2,1,'2013-07-03','2013-07-16'),(640,'mh2i-ddncche14b','10.117.47.28','reutadmin','Reuters01',1,2,1,'2013-07-03','2013-07-03'),(639,'mh2i-ddncche14a','10.117.47.27','reutadmin','Reuters01',1,2,1,'2013-07-03','2013-07-03'),(638,'mh2i-ddncche13b','10.117.47.26','reutadmin','Reuters01',1,2,1,'2013-07-03','2013-07-03'),(637,'mh2i-ddncche13a','10.117.47.25','reutadmin','Reuters01',1,2,1,'2013-07-03','2013-07-03'),(636,'mh2i-ddncche12b','10.117.47.24','reutadmin','Reuters01',1,2,1,'2013-07-03','2013-07-03'),(635,'mh2i-ddncche12a','10.117.47.23','reutadmin','Reuters01',1,2,1,'2013-07-03','2013-07-03'),(634,'mh2i-ddncche11b','10.117.47.22','reutadmin','Reuters01',1,2,1,'2013-07-03','2013-07-03'),(820,'SL1I-DDNCTMS01B','167.76.126.84','reutadmin','Pegestech01',6,1,1,'2013-03-06','2013-03-06'),(633,'mh2i-ddncche11a','10.117.47.21','reutadmin','Reuters01',1,2,1,'2013-07-03','2013-07-03'),(632,'mh2i-ddncche10b','10.117.47.20','reutadmin','Reuters01',1,2,1,'2013-07-03','2013-07-16'),(631,'mh2i-ddncche10a','10.117.47.19','reutadmin','Reuters01',1,2,1,'2013-07-03','2013-07-03'),(630,'mh2i-ddncche09b','10.117.47.18','reutadmin','Reuters01',1,2,1,'2013-07-03','2013-07-03'),(629,'mh2i-ddncche09a','10.117.47.17','reutadmin','Reuters01',1,2,1,'2013-07-03','2013-07-03'),(628,'mh2i-ddncche08b','10.117.47.16','reutadmin','Reuters01',1,2,1,'2013-07-03','2013-07-03'),(627,'mh2i-ddncche08a','10.117.47.15','reutadmin','Reuters01',1,2,1,'2013-07-03','2013-07-03'),(626,'mh2i-ddncche07b','10.117.47.14','reutadmin','Reuters01',1,2,1,'2013-07-03','2013-07-03'),(625,'mh2i-ddncche07a','10.117.47.13','reutadmin','Reuters01',1,2,1,'2013-07-03','2013-07-03'),(624,'mh2i-ddncche06b','10.117.47.12','reutadmin','Reuters01',1,2,1,'2013-07-03','2013-07-03'),(623,'mh2i-ddncche06a','10.117.47.11','reutadmin','Reuters01',1,2,1,'2013-07-03','2013-07-03'),(622,'mh2i-ddncche05b','10.117.47.10','reutadmin','Reuters01',1,2,1,'2013-07-03','2013-07-03'),(621,'mh2i-ddncche05a','10.117.47.9','reutadmin','Reuters01',1,2,1,'2013-07-03','2013-07-03'),(620,'mh2i-ddncche04b','10.117.47.8','reutadmin','Reuters01',1,2,1,'2013-07-03','2013-07-03'),(619,'mh2i-ddncche04a','10.117.47.7','reutadmin','Reuters01',1,2,1,'2013-07-03','2013-07-03'),(618,'mh2i-ddncche03b','10.117.47.6','reutadmin','Reuters01',1,2,1,'2013-07-03','2013-07-03'),(617,'mh2i-ddncche03a','10.117.47.5','reutadmin','Reuters01',1,2,1,'2013-07-03','2013-07-03'),(616,'mh2i-ddncche02b','10.117.47.4','reutadmin','Reuters01',1,2,1,'2013-07-03','2013-07-03'),(615,'mh2i-ddncche02a','10.117.47.3','reutadmin','Reuters01',1,2,1,'2013-07-03','2013-07-03'),(614,'mh2i-ddncche01b','10.117.47.2','reutadmin','Reuters01',1,2,1,'2013-07-03','2013-07-03'),(613,'mh2i-ddncche01a','10.117.47.1','reutadmin','Reuters01',1,2,1,'2013-07-03','2013-07-03'),(612,'lmhi-ddniarb04b','10.117.170.142','reutadmin','Reuters1',10,2,1,'2013-07-03','2013-07-03'),(611,'lmhi-ddniarb04a','10.117.170.141','reutadmin','Reuters1',10,2,1,'2013-07-03','2013-07-03'),(610,'lmhi-ddniarb03b','10.117.170.140','reutadmin','Reuters1',10,2,1,'2013-07-03','2013-07-03'),(609,'lmhi-ddniarb03a','10.117.170.139','reutadmin','Reuters1',10,2,1,'2013-07-03','2013-07-03'),(608,'lmhi-ddniarb02b','10.117.170.138','reutadmin','Reuters1',10,2,1,'2013-07-03','2013-07-03'),(607,'lmhi-ddniarb02a','10.117.170.137','reutadmin','Reuters1',10,2,1,'2013-07-03','2013-07-03'),(606,'lmhi-ddniarb01b','10.117.170.136','reutadmin','Reuters1',10,2,1,'2013-07-03','2013-07-03'),(605,'lmhi-ddniarb01a','10.117.170.135','reutadmin','Reuters1',10,2,1,'2013-07-03','2013-07-03'),(604,'lmhi-ddnmarb08b','10.117.170.48','reutadmin','Reuters1',10,2,1,'2013-07-03','2013-07-03'),(603,'lmhi-ddnmarb08a','10.117.170.47','reutadmin','Reuters1',10,2,1,'2013-07-03','2013-07-03'),(602,'lmhi-ddnmarb07b','10.117.170.46','reutadmin','Reuters1',10,2,1,'2013-07-03','2013-07-03'),(601,'lmhi-ddnmarb07a','10.117.170.45','reutadmin','Reuters1',10,2,1,'2013-07-03','2013-07-03'),(600,'lmhi-ddnmarb06b','10.117.170.44','reutadmin','Reuters1',10,2,1,'2013-07-03','2013-07-03'),(599,'lmhi-ddnmarb06a','10.117.170.43','reutadmin','Reuters1',10,2,1,'2013-07-03','2013-07-03'),(598,'lmhi-ddnmarb05b','10.117.170.42','reutadmin','Reuters1',10,2,1,'2013-07-03','2013-07-03'),(597,'lmhi-ddnmarb05a','10.117.170.41','reutadmin','Reuters1',10,2,1,'2013-07-03','2013-07-03'),(596,'lmhi-ddnmarb04b','10.117.170.40','reutadmin','Reuters1',10,2,1,'2013-07-03','2013-07-03'),(595,'lmhi-ddnmarb04a','10.117.170.39','reutadmin','Reuters1',10,2,1,'2013-07-03','2013-07-03'),(594,'lmhi-ddnmarb03b','10.117.170.38','reutadmin','Reuters1',10,2,1,'2013-07-03','2013-07-03'),(593,'lmhi-ddnmarb03a','10.117.170.37','reutadmin','Reuters1',10,2,1,'2013-07-03','2013-07-03'),(592,'lmhi-ddnmarb02b','10.117.170.36','reutadmin','Reuters1',10,2,1,'2013-07-03','2013-07-03'),(591,'lmhi-ddnmarb02a','10.117.170.35','reutadmin','Reuters1',10,2,1,'2013-07-03','2013-07-03'),(590,'lmhi-ddnmarb01b','10.117.170.34','reutadmin','Reuters1',10,2,1,'2013-07-03','2013-07-03'),(589,'lmhi-ddnmarb01a','10.117.170.33','reutadmin','Reuters1',10,2,1,'2013-07-03','2013-07-03'),(588,'mh2i-ddndads22b','10.117.47.192','root','Reuters1',5,2,1,'2013-07-03','2013-07-03'),(587,'mh2i-ddndads21b','10.117.47.191','root','Reuters1',5,2,1,'2013-07-03','2013-07-03'),(586,'mh2i-ddndads20b','10.117.47.190','root','Reuters1',5,2,1,'2013-07-03','2013-07-03'),(585,'mh2i-ddndads19b','10.117.47.189','root','Reuters1',5,2,1,'2013-07-03','2013-07-03'),(584,'mh2i-ddndads18b','10.117.47.188','root','Reuters1',5,2,1,'2013-07-03','2013-07-03'),(583,'mh2i-ddndads17b','10.117.47.187','root','Reuters1',5,2,1,'2013-07-03','2013-07-03'),(582,'mh2i-ddndads16b','10.117.47.186','root','Reuters1',5,2,1,'2013-07-03','2013-07-03'),(581,'mh2i-ddndads15b','10.117.47.185','root','Reuters1',5,2,1,'2013-07-03','2013-07-03'),(580,'mh2i-ddndads14b','10.117.47.184','root','Reuters1',5,2,1,'2013-07-03','2013-07-03'),(579,'mh2i-ddndads13b','10.117.47.183','root','Reuters1',5,2,1,'2013-07-03','2013-07-03'),(578,'mh2i-ddndads12b','10.117.47.182','root','Reuters1',5,2,1,'2013-07-03','2013-07-03'),(577,'mh2i-ddndads11b','10.117.47.181','root','Reuters1',5,2,1,'2013-07-03','2013-07-03'),(576,'mh2i-ddndads22a','10.117.47.180','root','Reuters1',5,2,1,'2013-07-03','2013-07-03'),(575,'mh2i-ddndads21a','10.117.47.179','root','Reuters1',5,2,1,'2013-07-03','2013-07-03'),(574,'mh2i-ddndads20a','10.117.47.178','root','Reuters1',5,2,1,'2013-07-03','2013-07-03'),(573,'mh2i-ddndads19a','10.117.47.177','root','Reuters1',5,2,1,'2013-07-03','2013-07-03'),(572,'mh2i-ddndads18a','10.117.47.176','root','Reuters1',5,2,1,'2013-07-03','2013-07-03'),(571,'mh2i-ddndads17a','10.117.47.175','root','Reuters1',5,2,1,'2013-07-03','2013-07-03'),(570,'mh2i-ddndads16a','10.117.47.174','root','Reuters1',5,2,1,'2013-07-03','2013-07-03'),(569,'mh2i-ddndads15a','10.117.47.173','root','Reuters1',5,2,1,'2013-07-03','2013-07-03'),(568,'mh2i-ddndads14a','10.117.47.172','root','Reuters1',5,2,1,'2013-07-03','2013-07-03'),(567,'mh2i-ddndads13a','10.117.47.171','root','Reuters1',5,2,1,'2013-07-03','2013-07-03'),(566,'mh2i-ddndads12a','10.117.47.170','root','Reuters1',5,2,1,'2013-07-03','2013-07-03'),(565,'mh2i-ddndads11a','10.117.47.169','root','Reuters1',5,2,1,'2013-07-03','2013-07-03'),(564,'mh2i-ddndads10b','10.117.47.168','root','Reuters1',5,2,1,'2013-07-03','2013-07-03'),(563,'mh2i-ddndads09b','10.117.47.167','root','Reuters1',5,2,1,'2013-07-03','2013-07-03'),(431,'SGPI-DDNMARB01A','10.40.248.147','reutadmin','Tin.netSA',10,3,1,'2013-02-26','2013-02-26'),(432,'SGPI-DDNMARB01B','10.40.248.137','reutadmin','Tin.netSA',10,3,1,'2013-02-26','2013-02-26'),(433,'SGPI-DDNMARB02A','10.40.248.150','reutadmin','Tin.netSA',10,3,1,'2013-02-26','2013-02-26'),(434,'SGCI-DDNCHE05A','10.40.250.43','reutadmin','Tin.netSA',1,3,1,'2013-02-26','2013-02-26'),(435,'SGCI-DDNCHE05B','10.40.250.44','reutadmin','Tin.netSA',1,3,1,'2013-02-26','2013-02-26'),(436,'SGCI-DDNCHE06A','10.40.250.45','reutadmin','Tin.netSA',1,3,1,'2013-02-26','2013-02-26'),(437,'SGCI-DDNCHE06B','10.40.250.46','reutadmin','Tin.netSA',1,3,1,'2013-02-26','2013-02-26'),(438,'SGPI-DDNCCHE01A','10.40.248.84','reutadmin','Tin.netSA',1,3,1,'2013-02-26','2013-02-26'),(439,'SGPI-DDNCCHE01B','10.40.248.143','reutadmin','Tin.netSA',1,3,1,'2013-02-26','2013-02-26'),(440,'SGPI-DDNCCHE02A','10.40.248.154','reutadmin','Tin.netSA',1,3,1,'2013-02-26','2013-02-26'),(441,'SGPI-DDNCCHE02B','10.40.248.247','reutadmin','Tin.netSA',1,3,1,'2013-02-26','2013-02-26'),(442,'SGPI-DDNCCHE03A','10.40.248.157','reutadmin','Tin.netSA',1,3,1,'2013-02-26','2013-02-26'),(443,'SGPI-DDNCCHE03B','10.40.248.249','reutadmin','Tin.netSA',1,3,1,'2013-02-26','2013-02-26'),(444,'SGPI-DDNCCHE04A','10.40.248.251','reutadmin','Tin.netSA',1,3,1,'2013-02-26','2013-02-26'),(445,'SGPI-DDNCCHE04B','10.40.248.248','reutadmin','Tin.netSA',1,3,1,'2013-02-26','2013-02-26'),(446,'SGVI-DDNCHE03A','10.40.250.41','reutadmin','Tin.netSA',1,3,1,'2013-02-26','2013-02-26'),(447,'SGVI-DDNCHE03B','10.40.250.42','reutadmin','Tin.netSA',1,3,1,'2013-02-26','2013-02-26'),(448,'SGCI-DDNCHE09A','10.40.250.51','reutadmin','Tin.netSA',1,3,1,'2013-02-26','2013-02-26'),(449,'SGCI-DDNCHE09B','10.40.250.52','reutadmin','Tin.netSA',1,3,1,'2013-02-26','2013-02-26'),(450,'SGVI-DDNCVA04A','10.40.250.99','reutadmin','Tin.netSA',2,3,1,'2013-02-26','2013-02-26'),(451,'SGVI-DDNCVA04B','10.40.250.100','reutadmin','Tin.netSA',2,3,1,'2013-02-26','2013-02-26'),(452,'SGVI-DDNCVA05A','10.40.250.101','reutadmin','Tin.netSA',2,3,1,'2013-02-26','2013-02-26'),(453,'SGVI-DDNCVA05B','10.40.250.102','reutadmin','Tin.netSA',2,3,1,'2013-02-26','2013-02-26'),(454,'SGPI-DDNVCVA01A','10.40.248.85','reutadmin','Tin.netSA',2,3,1,'2013-02-26','2013-02-26'),(455,'SGPI-DDNVCVA01B','10.40.248.250','reutadmin','Tin.netSA',2,3,1,'2013-02-26','2013-02-26'),(456,'SGPI-DDNVCVA02A','10.40.248.158','reutadmin','Tin.netSA',2,3,1,'2013-02-26','2013-02-26'),(457,'SGPI-DDNVCVA02B','10.40.248.181','reutadmin','Tin.netSA',2,3,1,'2013-02-26','2013-02-26'),(458,'SGPI-DDNMCVA03A','10.40.250.97','reutadmin','Tin.netSA',2,3,1,'2013-02-26','2013-02-26'),(459,'SGPI-DDNMCVA03B','10.40.250.98','reutadmin','Tin.netSA',2,3,1,'2013-02-26','2013-02-26'),(460,'SGPI-DDNMDTG01A','10.40.248.146','reutadmin','Tin.netSA',11,3,1,'2013-02-26','2013-02-26'),(461,'SGDI-DDNEED03B','10.40.250.191','reutadmin','Tin.netSA',13,3,1,'2013-02-26','2013-02-26'),(462,'SGPI-DDNDEED01B','10.40.248.125','reutadmin','Tin.netSA',13,3,1,'2013-02-26','2013-02-26'),(463,'SGPI-DDNVEED02B','10.40.248.139','reutadmin','Tin.netSA',13,3,1,'2013-02-26','2013-02-26'),(464,'SGCI-DDNEFX01A','10.40.250.196','reutadmin','Tin.netSA',7,3,1,'2013-02-26','2013-02-26'),(465,'SGCI-DDNEFX01B','10.40.250.195','reutadmin','Tin.netSA',7,3,1,'2013-02-26','2013-02-26'),(466,'SGMI-DDNEFX01A','10.40.250.197','reutadmin','Tin.netSA',7,3,1,'2013-02-26','2013-02-26'),(467,'SGMI-DDNEFX01B','10.40.250.198','reutadmin','Tin.netSA',7,3,1,'2013-02-26','2013-02-26'),(468,'SGPI-DDNMISS01A','10.40.248.121','reutadmin','Tin.netSA',23,3,1,'2013-02-26','2013-02-26'),(469,'SGPI-DDNMIDG01B','10.40.248.245','reutadmin','Tin.netSA',12,3,1,'2013-02-26','2013-02-26'),(470,'SGMI-DDNMMCA02A','10.40.250.189','reutadmin','Tin.netSA',3,3,1,'2013-02-26','2013-02-26'),(471,'SGMI-DDNMMCA02B','10.40.250.190','reutadmin','Tin.netSA',3,3,1,'2013-02-26','2013-02-26'),(472,'SGPI-DDNMMCA01A','10.40.248.153','reutadmin','Tin.netSA',3,3,1,'2013-02-26','2013-02-26'),(473,'SGPI-DDNMMCA01B','10.40.248.145','reutadmin','Tin.netSA',3,3,1,'2013-02-26','2013-02-26'),(474,'SGPI-DDNMMCR01A','10.40.248.152','reutadmin','Tin.netSA',9,3,1,'2013-02-26','2013-02-26'),(475,'SGPI-DDNVCHE01A','10.40.248.182','reutadmin','Tin.netSA',8,3,1,'2013-02-26','2013-02-26'),(476,'SGPI-DDNVCHE01B','10.40.248.183','reutadmin','Tin.netSA',8,3,1,'2013-02-26','2013-02-26'),(477,'SGPI-DDNDADH01A','10.40.248.138','reutadmin','Tin.netSA',4,3,1,'2013-02-26','2013-02-26'),(478,'SGPI-DDNDADH01B','10.40.248.120','reutadmin','Tin.netSA',4,3,1,'2013-02-26','2013-02-26'),(479,'SGPI-DDNDADH02A','10.40.248.93','reutadmin','Tin.netSA',4,3,1,'2013-02-26','2013-02-26'),(480,'SGPI-DDNVADH03B','10.40.248.159','reutadmin','Tin.netSA',4,3,1,'2013-02-26','2013-02-26'),(481,'SGVI-DDNADH04B','10.40.250.192','reutadmin','Tin.netSA',4,3,1,'2013-02-26','2013-02-26'),(482,'SGPI-DDNDADS01B','10.40.248.92','reutadmin','Tin.netSA',5,3,1,'2013-02-26','2013-02-26'),(483,'SGPI-DDNDADS02B','10.40.248.91','reutadmin','Tin.netSA',5,3,1,'2013-02-26','2013-02-26'),(484,'SGPI-DDNVADS03B','10.40.248.87','reutadmin','Tin.netSA',5,3,1,'2013-02-26','2013-02-26'),(485,'SGDI-DDNADS01A','10.40.250.193','reutadmin','Tin.netSA',5,3,1,'2013-02-26','2013-02-26'),(486,'SGVI-DDNADS03A','10.40.250.194','reutadmin','Tin.netSA',5,3,1,'2013-02-26','2013-02-26'),(487,'SGPI-DDNDTBA01A','10.40.248.148','reutadmin','Tin.netSA',15,3,1,'2013-02-26','2013-02-26'),(489,'SL1I-DDNDTMS01A','167.76.126.137','reutadmin','Pegestech01',6,1,1,'2013-03-06','2013-03-06'),(490,'SL1I-DDNDTMS01B','167.76.126.138','reutadmin','Pegestech01',6,1,1,'2013-03-06','2013-03-06'),(491,'SL1I-DDNDTMS02A','167.76.126.139','reutadmin','Pegestech01',6,1,1,'2013-03-06','2013-03-06'),(492,'SL1I-DDNDTMS02B','167.76.126.140','reutadmin','Pegestech01',6,1,1,'2013-03-06','2013-03-06'),(493,'SL1I-DDNDTMS03A','167.76.126.141','reutadmin','Pegestech01',6,1,1,'2013-03-06','2013-03-06'),(494,'SL1I-DDNDTMS03B','167.76.126.142','reutadmin','Pegestech01',6,1,1,'2013-03-06','2013-03-06'),(495,'SL1I-DDNDTMS04A','167.76.126.143','reutadmin','Pegestech01',6,1,1,'2013-03-06','2013-03-06'),(496,'SL1I-DDNDTMS04B','167.76.126.144','reutadmin','Pegestech01',6,1,1,'2013-03-06','2013-03-06'),(497,'SL1I-DDNDTMS05A','167.76.126.145','reutadmin','Pegestech01',6,1,1,'2013-03-06','2013-03-06'),(498,'SL1I-DDNDTMS05B','167.76.126.146','reutadmin','Pegestech01',6,1,1,'2013-03-06','2013-03-06'),(499,'SL1I-DDNDTMS06A','167.76.126.147','reutadmin','Pegestech01',6,1,1,'2013-03-06','2013-03-06'),(500,'SL1I-DDNDTMS06B','167.76.126.148','reutadmin','Pegestech01',6,1,1,'2013-03-06','2013-03-06'),(562,'mh2i-ddndads08b','10.117.47.166','root','Reuters1',5,2,1,'2013-07-03','2013-07-03'),(561,'mh2i-ddndads10a','10.117.47.152','root','Reuters1',5,2,1,'2013-07-03','2013-07-03'),(560,'mh2i-ddndads09a','10.117.47.151','root','Reuters1',5,2,1,'2013-07-03','2013-07-03'),(559,'mh2i-ddndads08a','10.117.47.150','root','Reuters1',5,2,1,'2013-07-03','2013-07-03'),(558,'mh2i-ddndads07b','10.117.47.128','root','Reuters1',5,2,1,'2013-07-03','2013-07-03'),(557,'mh2i-ddndads06b','10.117.47.127','root','Reuters1',5,2,1,'2013-07-03','2013-07-03'),(556,'mh2i-ddndads05b','10.117.47.126','root','Reuters1',5,2,1,'2013-07-03','2013-07-03'),(555,'mh2i-ddndads07a','10.117.47.112','root','Reuters1',5,2,1,'2013-07-03','2013-07-03'),(554,'mh2i-ddndads06a','10.117.47.111','root','Reuters1',5,2,1,'2013-07-03','2013-07-03'),(553,'mh2i-ddndads05a','10.117.47.110','root','Reuters1',5,2,1,'2013-07-03','2013-07-03'),(552,'mh2i-ddndads03b','10.117.47.94','root','Reuters1',5,2,1,'2013-07-03','2013-07-03'),(551,'mh2i-ddndads03a','10.117.47.93','root','Reuters1',5,2,1,'2013-07-03','2013-07-03'),(550,'mh2i-ddndads02b','10.117.47.92','root','Reuters1',5,2,1,'2013-07-03','2013-07-03'),(549,'mh2i-ddndads02a','10.117.47.91','root','Reuters1',5,2,1,'2013-07-03','2013-07-03'),(548,'mh2i-ddndads01b','10.117.47.90','root','Reuters1',5,2,1,'2013-07-03','2013-07-03'),(547,'mh2i-ddndads01a','10.117.47.89','root','Reuters1',5,2,1,'2013-07-03','2013-07-03'),(517,'SL1I-DDNBADH01A','167.76.126.149','root','Pegestech1',4,1,1,'2013-02-26','2013-02-26'),(518,'SL1I-DDNBADH02A','167.76.126.151','root','Pegestech1',4,1,1,'2013-02-26','2013-02-26'),(519,'SL1I-DDNBADH03A','167.76.126.153','root','Pegestech1',4,1,1,'2013-02-26','2013-02-26'),(520,'SL1I-DDNBADH04A','167.76.126.155','root','Pegestech1',4,1,1,'2013-02-26','2013-02-26'),(521,'SL1I-DDNBADH01B','167.76.126.150','root','Pegestech1',4,1,1,'2013-02-26','2013-02-26'),(522,'SL1I-DDNBADH02B','167.76.126.152','root','Pegestech1',4,1,1,'2013-02-26','2013-02-26'),(523,'SL1I-DDNBADH03B','167.76.126.154','root','Pegestech1',4,1,1,'2013-02-26','2013-02-26'),(524,'SL1I-DDNBADH04B','167.76.126.156','root','Pegestech1',4,1,1,'2013-02-26','2013-02-26'),(525,'SL1I-DDNBADS01A','167.76.126.157','root','Pegestech1',5,1,1,'2013-02-26','2013-02-26'),(534,'SL1I-DDNBADS02A','167.76.126.159','root','Pegestech1',5,1,1,'2013-02-26','2013-02-26'),(526,'SL1I-DDNBADS01B','167.76.126.158','root','Pegestech1',5,1,1,'2013-02-26','2013-02-26'),(533,'SL1I-DDNBADS02B','167.76.126.160','root','Pegestech1',5,1,1,'2013-02-26','2013-02-26'),(527,'SL1I-DDNBTOB01A','167.76.126.161','root','Pegestech1',15,1,1,'2013-02-26','2013-02-26'),(528,'SL1I-DDNBTOB01B','167.76.126.162','root','Pegestech1',15,1,1,'2013-02-26','2013-02-26'),(529,'SL1I-DDNBDSS01A','167.76.126.165','root','Pegestech1',25,1,1,'2013-02-26','2013-03-15'),(530,'SL1I-DDNBDSS01B','167.76.126.166','root','Pegestech1',25,1,1,'2013-02-26','2013-03-15'),(531,'SL1I-DDNBDHS01A','167.76.126.163','root','Pegestech1',26,1,1,'2013-02-26','2013-03-15'),(532,'SL1I-DDNBDHS01B','167.76.126.164','root','Pegestech1',26,1,1,'2013-02-26','2013-03-15'),(535,'SLCI-DDNEFX03A','167.76.126.249','reutadmin','Pegestech01',7,1,1,'2013-03-22','2013-03-22'),(536,'SLCI-DDNEFX04A','167.76.126.250','reutadmin','Pegestech01',7,1,1,'2013-03-22','2013-03-22'),(537,'SLMI-DDNMMCU17A','167.76.126.99','reutadmin','Pegestech1',3,1,1,'2013-04-11','2013-04-11'),(538,'SLMI-DDNMMCU18A','167.76.126.101','reutadmin','Pegestech1',3,1,1,'2013-04-11','2013-04-11'),(539,'SLMI-DDNMMCU19A','167.76.126.103','reutadmin','Pegestech1',3,1,1,'2013-04-11','2013-04-11'),(540,'SLMI-DDNMMCU20A','167.76.126.105','reutadmin','Pegestech1',3,1,1,'2013-04-11','2013-04-11'),(541,'SLMI-DDNMMCU17B','167.76.126.100','reutadmin','PEgestech1',3,1,1,'2013-04-11','2013-04-11'),(542,'SLMI-DDNMMCU18B','167.76.126.102','reutadmin','Pegestech1',3,1,1,'2013-04-11','2013-04-11'),(543,'SLMI-DDNMMCU19B','167.76.126.104','reutadmin','Pegestech1',3,1,1,'2013-04-11','2013-04-11'),(544,'SLMI-DDNMMCU20B','167.76.126.106','reutadmin','Pegestech1',3,1,1,'2013-04-11','2013-04-11'),(545,'CXA-SGPI-DDNCCHE12A','10.40.250.57','reutadmin','Tin.netSA',1,3,1,'2013-06-19','2013-06-19'),(546,'CXA-SGPI-DDNCCHE12B','10.40.250.58','reutadmin','Tin.netSA',1,3,1,'2013-06-19','2013-06-19'),(716,'lmhi-ddniidg02b','10.117.170.106','reutadmin','Reuters1',12,2,1,'2013-07-03','2013-07-03'),(717,'lmhi-ddniidg03a','10.117.170.107','reutadmin','Reuters1',12,2,1,'2013-07-03','2013-07-03'),(718,'lmhi-ddniidg03b','10.117.170.108','reutadmin','Reuters1',12,2,1,'2013-07-03','2013-07-03'),(719,'lmhi-ddniidg04a','10.117.170.109','reutadmin','Reuters1',12,2,1,'2013-07-03','2013-07-03'),(720,'lmhi-ddniidg04b','10.117.170.110','reutadmin','Reuters1',12,2,1,'2013-07-03','2013-07-03'),(721,'lmhi-ddniidg05a','10.117.170.111','reutadmin','Reuters1',12,2,1,'2013-07-03','2013-07-03'),(722,'lmhi-ddniidg05b','10.117.170.112','reutadmin','Reuters1',12,2,1,'2013-07-03','2013-07-03'),(723,'lmhi-ddniidg06a','10.117.170.113','reutadmin','Reuters1',12,2,1,'2013-07-03','2013-07-03'),(724,'lmhi-ddniidg06b','10.117.170.114','reutadmin','Reuters1',12,2,1,'2013-07-03','2013-07-03'),(725,'lmhi-ddniidg07a','10.117.170.115','reutadmin','Reuters1',12,2,1,'2013-07-03','2013-07-03'),(726,'lmhi-ddniidg07b','10.117.170.116','reutadmin','Reuters1',12,2,1,'2013-07-03','2013-07-03'),(727,'lmhi-ddniidg08a','10.117.170.117','reutadmin','Reuters1',12,2,1,'2013-07-03','2013-07-03'),(728,'lmhi-ddniidg08b','10.117.170.118','reutadmin','Reuters1',12,2,1,'2013-07-03','2013-07-03'),(729,'lmhi-ddnmmcu01a','10.117.170.1','reutadmin','Reuters1',3,2,1,'2013-07-03','2013-07-03'),(730,'lmhi-ddnmmcu01b','10.117.170.2','reutadmin','Reuters1',3,2,1,'2013-07-03','2013-07-03'),(731,'lmhi-ddnmmcu02a','10.117.170.3','reutadmin','Reuters1',3,2,1,'2013-07-03','2013-07-03'),(732,'lmhi-ddnmmcu02b','10.117.170.4','reutadmin','Reuters1',3,2,1,'2013-07-03','2013-07-03'),(733,'lmhi-ddnmmcu03a','10.117.170.5','reutadmin','Reuters1',3,2,1,'2013-07-03','2013-07-03'),(734,'lmhi-ddnmmcu03b','10.117.170.6','reutadmin','Reuters1',3,2,1,'2013-07-03','2013-07-03'),(735,'lmhi-ddnmmcu04a','10.117.170.7','reutadmin','Reuters1',3,2,1,'2013-07-03','2013-07-03'),(736,'lmhi-ddnmmcu04b','10.117.170.8','reutadmin','Reuters1',3,2,1,'2013-07-03','2013-07-03'),(737,'lmhi-ddnmmcu05a','10.117.170.9','reutadmin','Reuters1',3,2,1,'2013-07-03','2013-07-03'),(738,'lmhi-ddnmmcu05b','10.117.170.10','reutadmin','Reuters1',3,2,1,'2013-07-03','2013-07-03'),(739,'lmhi-ddnmmcu06a','10.117.170.11','reutadmin','Reuters1',3,2,1,'2013-07-03','2013-07-03'),(740,'lmhi-ddnmmcu06b','10.117.170.12','reutadmin','Reuters1',3,2,1,'2013-07-03','2013-07-03'),(741,'lmhi-ddnmmcu07a','10.117.170.13','reutadmin','Reuters1',3,2,1,'2013-07-03','2013-07-03'),(742,'lmhi-ddnmmcu07b','10.117.170.14','reutadmin','Reuters1',3,2,1,'2013-07-03','2013-07-03'),(743,'lmhi-ddnmmcu08a','10.117.170.15','reutadmin','Reuters1',3,2,1,'2013-07-03','2013-07-03'),(744,'lmhi-ddnmmcu08b','10.117.170.16','reutadmin','Reuters1',3,2,1,'2013-07-03','2013-07-03'),(745,'lmhi-ddnmmcu09a','10.117.170.17','reutadmin','Reuters1',3,2,1,'2013-07-03','2013-07-03'),(746,'lmhi-ddnmmcu09b','10.117.170.18','reutadmin','Reuters1',3,2,1,'2013-07-03','2013-07-03'),(747,'lmhi-ddnmmcu10a','10.117.170.19','reutadmin','Reuters1',3,2,1,'2013-07-03','2013-07-03'),(748,'lmhi-ddnmmcu10b','10.117.170.20','reutadmin','Reuters1',3,2,1,'2013-07-03','2013-07-03'),(749,'lmhi-ddnmmcu11a','10.117.170.21','reutadmin','Reuters1',3,2,1,'2013-07-03','2013-07-03'),(750,'lmhi-ddnmmcu11b','10.117.170.22','reutadmin','Reuters1',3,2,1,'2013-07-03','2013-07-03'),(751,'lmhi-ddnmmcu12a','10.117.170.23','reutadmin','Reuters1',3,2,1,'2013-07-03','2013-07-03'),(752,'lmhi-ddnmmcu12b','10.117.170.24','reutadmin','Reuters1',3,2,1,'2013-07-03','2013-07-03'),(753,'lmhi-ddnmmcu13a','10.117.170.25','reutadmin','Reuters1',3,2,1,'2013-07-03','2013-07-03'),(754,'lmhi-ddnmmcu13b','10.117.170.26','reutadmin','Reuters1',3,2,1,'2013-07-03','2013-07-03'),(755,'lmhi-ddnmmcu14a','10.117.170.27','reutadmin','Reuters1',3,2,1,'2013-07-03','2013-07-03'),(756,'lmhi-ddnmmcu14b','10.117.170.28','reutadmin','Reuters1',3,2,1,'2013-07-03','2013-07-03'),(757,'lmhi-ddnmmcu15a','10.117.170.29','reutadmin','Reuters1',3,2,1,'2013-07-03','2013-07-03'),(758,'lmhi-ddnmmcu15b','10.117.170.30','reutadmin','Reuters1',3,2,1,'2013-07-03','2013-07-03'),(759,'lmhi-ddnmmcu16a','10.117.170.31','reutadmin','Reuters1',3,2,1,'2013-07-03','2013-07-03'),(760,'lmhi-ddnmmcu16b','10.117.170.32','reutadmin','Reuters1',3,2,1,'2013-07-03','2013-07-03'),(761,'lmhi-ddnmmcu17a','10.117.170.200','reutadmin','Reuters1',3,2,1,'2013-07-03','2013-07-03'),(762,'lmhi-ddnmmcu17b','10.117.170.201','reutadmin','Reuters1',3,2,1,'2013-07-03','2013-07-03'),(763,'lmhi-ddnmmcu18a','10.117.170.202','reutadmin','Reuters1',3,2,1,'2013-07-03','2013-07-03'),(764,'lmhi-ddnmmcu18b','10.117.170.203','reutadmin','Reuters1',3,2,1,'2013-07-03','2013-07-03'),(765,'lmhi-ddnmmcu19a','10.117.170.204','reutadmin','Reuters1',3,2,1,'2013-07-03','2013-07-03'),(766,'lmhi-ddnmmcu19b','10.117.170.205','reutadmin','Reuters1',3,2,1,'2013-07-03','2013-07-03'),(767,'lmhi-ddnmmcu20a','10.117.170.206','reutadmin','Reuters1',3,2,1,'2013-07-03','2013-07-03'),(768,'lmhi-ddnmmcu20b','10.117.170.207','reutadmin','Reuters1',3,2,1,'2013-07-03','2013-07-03'),(769,'lmhi-ddnmmcr01a','10.117.170.49','reutadmin','Reuters1',29,2,1,'2013-07-03','2013-07-03'),(770,'lmhi-ddnmmcr01b','10.117.170.50','reutadmin','Reuters1',29,2,1,'2013-07-03','2013-07-03'),(771,'lmhi-ddnmppd01a','10.117.170.165','reutadmin','Reuters01',29,2,1,'2013-07-03','2013-07-16'),(772,'lmhi-ddnmppd01b','10.117.170.166','reutadmin','Reuters01',29,2,1,'2013-07-03','2013-07-16'),(773,'lmhi-ddnmsir01a','10.117.171.189','reutadmin','Reuters1',19,2,1,'2013-07-03','2013-07-03'),(774,'lmhi-ddnmsir01b','10.117.171.190','reutadmin','Reuters1',19,2,1,'2013-07-03','2013-07-03'),(775,'lmhi-ddnmsrc01a','10.117.170.89','root','Reuters1',4,2,1,'2013-07-03','2013-07-03'),(776,'lmhi-ddnmsrc01b','10.117.170.90','root','Reuters1',4,2,1,'2013-07-03','2013-07-03'),(777,'lmhi-ddnmsrc02a','10.117.170.91','root','Reuters1',4,2,1,'2013-07-03','2013-07-03'),(778,'lmhi-ddnmsrc02b','10.117.170.92','root','Reuters1',4,2,1,'2013-07-03','2013-07-03'),(779,'lmhi-ddnmsrc03a','10.117.170.93','root','Reuters1',4,2,1,'2013-07-03','2013-07-03'),(780,'lmhi-ddnmsrc03b','10.117.170.94','root','Reuters1',4,2,1,'2013-07-03','2013-07-03'),(781,'lmhi-ddnmsrc04a','10.117.170.95','root','Reuters1',4,2,1,'2013-07-03','2013-07-03'),(782,'lmhi-ddnmsrc04b','10.117.170.96','root','Reuters1',4,2,1,'2013-07-03','2013-07-03'),(783,'mh2i-ddndsrc01a','10.117.47.57','root','Reuters1',4,2,1,'2013-07-03','2013-07-03'),(784,'mh2i-ddndsrc01b','10.117.47.58','root','Reuters1',4,2,1,'2013-07-03','2013-07-03'),(785,'mh2i-ddndsrc02a','10.117.47.59','root','Reuters1',4,2,1,'2013-07-03','2013-07-03'),(786,'mh2i-ddndsrc02b','10.117.47.60','root','Reuters1',4,2,1,'2013-07-03','2013-07-03'),(787,'mh2i-ddndsrc03a','10.117.47.61','root','Reuters1',4,2,1,'2013-07-03','2013-07-03'),(788,'mh2i-ddndsrc03b','10.117.47.62','root','Reuters1',4,2,1,'2013-07-03','2013-07-03'),(789,'mh2i-ddndsrc04a','10.117.47.63','root','Reuters1',4,2,1,'2013-07-03','2013-07-03'),(790,'mh2i-ddndsrc04b','10.117.47.64','root','Reuters1',4,2,1,'2013-07-03','2013-07-03'),(791,'mh2i-ddndsrc05a','10.117.47.65','root','Reuters1',4,2,1,'2013-07-03','2013-07-03'),(792,'mh2i-ddndsrc05b','10.117.47.66','root','Reuters1',4,2,1,'2013-07-03','2013-07-03'),(793,'mh2i-ddndsrc08a','10.117.47.102','root','Reuters1',4,2,1,'2013-07-03','2013-07-03'),(794,'mh2i-ddndsrc09a','10.117.47.103','root','Reuters1',4,2,1,'2013-07-03','2013-07-03'),(795,'mh2i-ddndsrc10a','10.117.47.104','root','Reuters1',4,2,1,'2013-07-03','2013-07-03'),(796,'mh2i-ddndsrc11a','10.117.47.105','root','Reuters1',4,2,1,'2013-07-03','2013-07-03'),(797,'mh2i-ddndsrc12a','10.117.47.106','root','Reuters1',4,2,1,'2013-07-03','2013-07-03'),(798,'mh2i-ddndsrc08b','10.117.47.118','root','Reuters1',4,2,1,'2013-07-03','2013-07-03'),(799,'mh2i-ddndsrc09b','10.117.47.119','root','Reuters1',4,2,1,'2013-07-03','2013-07-03'),(800,'mh2i-ddndsrc10b','10.117.47.120','root','Reuters1',4,2,1,'2013-07-03','2013-07-03'),(801,'mh2i-ddndsrc11b','10.117.47.121','root','Reuters1',4,2,1,'2013-07-03','2013-07-03'),(802,'mh2i-ddndsrc12b','10.117.47.122','root','Reuters1',4,2,1,'2013-07-03','2013-07-03'),(803,'lmhi-ddnctms01a','10.117.170.208','reutadmin','Reuters01',6,2,1,'2013-07-03','2013-07-03'),(804,'lmhi-ddnctms01b','10.117.170.209','reutadmin','Reuters01',6,2,1,'2013-07-03','2013-07-16'),(805,'lmhi-ddnctms02a','10.117.170.210','reutadmin','Reuters01',6,2,1,'2013-07-03','2013-07-03'),(806,'lmhi-ddnctms02b','10.117.170.211','reutadmin','Reuters01',6,2,1,'2013-07-03','2013-07-16'),(807,'lmhi-ddnctms03a','10.117.170.212','reutadmin','Reuters01',6,2,1,'2013-07-03','2013-07-03'),(808,'lmhi-ddnctms03b','10.117.170.213','reutadmin','Reuters01',6,2,1,'2013-07-03','2013-07-16'),(809,'lmhi-ddnctms04a','10.117.170.214','reutadmin','Reuters01',6,2,1,'2013-07-03','2013-07-03'),(810,'lmhi-ddnctms04b','10.117.170.215','reutadmin','Reuters01',6,2,1,'2013-07-03','2013-07-03'),(811,'lmhi-ddnctms05a','10.117.170.216','reutadmin','Reuters01',6,2,1,'2013-07-03','2013-07-03'),(812,'lmhi-ddnctms05b','10.117.170.217','reutadmin','Reuters01',6,2,1,'2013-07-03','2013-07-03'),(813,'lmhi-ddnctms06a','10.117.170.218','reutadmin','Reuters01',6,2,1,'2013-07-03','2013-07-03'),(814,'lmhi-ddnctms06b','10.117.170.219','reutadmin','Reuters01',6,2,1,'2013-07-03','2013-07-03'),(815,'mh2i-ddndtob01a','10.117.47.107','reutadmin','Reuters1',15,2,1,'2013-07-03','2013-07-03'),(816,'mh2i-ddndtob01b','10.117.47.123','reutadmin','Reuters1',15,2,1,'2013-07-03','2013-07-03'),(817,'mh2i-ddndtob02a','10.117.47.143','reutadmin','Reuters1',15,2,1,'2013-07-03','2013-07-03'),(818,'mh2i-ddndtob02b','10.117.47.159','reutadmin','Reuters1',15,2,1,'2013-07-03','2013-07-03'),(823,'SL1I-DDNCTMS03A','167.76.126.87','reutadmin','Pegestech01',6,1,1,'2013-03-06','2013-03-06'),(824,'SL1I-DDNCTMS03B','167.76.126.88','reutadmin','Pegestech01',6,1,1,'2013-03-06','2013-03-06'),(825,'SL1I-DDNCTMS04A','167.76.126.89','reutadmin','Pegestech01',6,1,1,'2013-03-06','2013-03-06'),(826,'SL1I-DDNCTMS04B','167.76.126.90','reutadmin','Pegestech01',6,1,1,'2013-03-06','2013-03-06'),(827,'SL1I-DDNCTMS05A','167.76.126.91','reutadmin','Pegestech01',6,1,1,'2013-03-06','2013-03-06'),(828,'SL1I-DDNCTMS05B','167.76.126.92','reutadmin','Pegestech01',6,1,1,'2013-03-06','2013-03-06'),(829,'SL1I-DDNCTMS06A','167.76.126.93','reutadmin','Pegestech01',6,1,1,'2013-03-06','2013-03-06'),(830,'SL1I-DDNCTMS06B','167.76.126.94','reutadmin','Pegestech01',6,1,1,'2013-03-06','2013-03-06'),(831,'LHMI-DDNMVAH01A','10.117.170.147','reutadmin','Reuters01',30,2,1,'2013-08-06','2013-08-06'),(832,'LHMI-DDNMVAH01B','10.117.170.148','reutadmin','Reuters01',30,2,1,'2013-08-06','2013-08-06'),(833,'LHMI-DDNMVAH02A','10.117.170.149','reutadmin','Reuters01',30,2,1,'2013-08-06','2013-08-06'),(834,'LHMI-DDNMVAH02B','10.117.170.150','reutadmin','Reuters01',30,2,1,'2013-08-06','2013-08-06'),(835,'LHMI-DDNMVAH03A','10.117.170.151','reutadmin','Reuters01',30,2,1,'2013-08-06','2013-08-06'),(836,'LHMI-DDNMVAH03B','10.117.170.152','reutadmin','Reuters01',30,2,1,'2013-08-06','2013-08-06'),(837,'LHMI-DDNMVAH04A','10.117.170.153','reutadmin','Reuters01',30,2,1,'2013-08-06','2013-08-06'),(838,'LHMI-DDNMVAH04B','10.117.170.154','reutadmin','Reuters01',30,2,1,'2013-08-06','2013-08-06'),(839,'LHMI-DDNMVAH05A','10.117.170.155','reutadmin','Reuters01',30,2,1,'2013-08-06','2013-08-06'),(840,'LHMI-DDNMVAH05B','10.117.170.156','reutadmin','Reuters01',30,2,1,'2013-08-06','2013-08-06'),(841,'SGPI-DDNCCHE13A','10.40.250.59','reutadmin','Tin.netSA',1,3,1,'2013-08-13','2013-08-13'),(842,'SGPI-DDNCCHE13B','10.40.250.60','reutadmin','Tin.netSA',1,3,1,'2013-08-13','2013-08-13'),(843,'SGPI-DDNCCHE15A','10.40.250.63','reutadmin','Tin.netSA',1,3,1,'2013-08-26','2013-08-26'),(844,'SGPI-DDNCCHE15B','10.40.250.64','reutadmin','Tin.netSA',1,3,1,'2013-08-26','2013-08-26'),(845,'LMHI-DDNMCIB01A','10.117.170.253','reutadmin','Reuters01',31,2,1,'2013-10-16','2013-10-16'),(846,'LMHI-DDNMCIB01B','10.117.170.254','reutadmin','Reuters01',31,2,1,'2013-10-16','2013-10-16'),(847,'LHMI-DDNMRDH01A','10.117.170.159','reutadmin','Reuters01',33,2,1,'2013-10-16','2013-10-16'),(848,'LHMI-DDNMRDH01B','10.117.170.160','reutadmin','Reuters01',33,2,1,'2013-10-16','2013-10-16'),(849,'SGPI-DDNCCHE18A','10.40.246.74','reutadmin','Tin.netSA',1,3,1,'2013-10-22','2013-10-22'),(850,'SGPI-DDNCCHE18B','10.40.246.75','reutadmin','Tin.netSA',1,3,1,'2013-10-22','2013-10-22'),(851,'SGPI-DDNCCHE17A','10.40.246.72','reutadmin','Tin.netSA',1,3,1,'2013-10-23','2013-10-23'),(852,'SGPI-DDNCCHE17B','10.40.246.73','reutadmin','Tin.netSA',1,3,1,'2013-10-23','2013-10-23'),(853,'SGPI-DDNCCVA06A','10.40.250.103','reutadmin','Tin.netSA',2,3,1,'2013-10-23','2013-10-23'),(854,'SGPI-DDNCCVA06B','10.40.250.104','reutadmin','Tin.netSA',2,3,1,'2013-10-23','2013-10-23'),(855,'LHMI-DDNMVAH06A','10.117.170.236','reutadmin','Reuters01',30,2,1,'2013-10-24','2013-10-24'),(856,'LHMI-DDNMVAH06B','10.117.170.237','reutadmin','Reuters01',30,2,1,'2013-10-24','2013-10-24'),(857,'LHMI-DDNMVAH07A','10.117.170.238','reutadmin','Reuters01',30,2,1,'2013-10-24','2013-10-24'),(858,'LHMI-DDNMVAH07B','10.117.170.239','reutadmin','Reuters01',30,2,1,'2013-10-24','2013-10-24'),(859,'LHMI-DDNMVAH08A','10.117.170.240','reutadmin','Reuters01',30,2,1,'2013-10-24','2013-10-24'),(860,'LHMI-DDNMVAH08B','10.117.170.241','reutadmin','Reuters01',30,2,1,'2013-10-24','2013-10-24'),(861,'LHMI-DDNMVAH09A','10.117.170.242','reutadmin','Reuters01',30,2,1,'2013-10-24','2013-10-24'),(862,'LHMI-DDNMVAH09B','10.117.170.243','reutadmin','Reuters01',30,2,1,'2013-10-24','2013-10-24'),(863,'LHMI-DDNMVAH10A','10.117.170.244','reutadmin','Reuters01',30,2,1,'2013-10-24','2013-10-24'),(864,'LHMI-DDNMVAH10B','10.117.170.245','reutadmin','Reuters01',30,2,1,'2013-10-24','2013-10-24'),(865,'SL1I-DDNCCHE11B','167.76.126.127','reutadmin','Pegestech1',1,1,1,'2013-11-07','2013-11-07'),(866,'SL1I-DDNCCHE12B','167.76.126.128','reutadmin','Pegestech1',1,1,1,'2013-11-07','2013-11-07'),(867,'SL1I-DDNCCHE13B','167.76.126.121','reutadmin','Pegestech1',1,1,1,'2013-11-07','2013-11-07');
/*!40000 ALTER TABLE `Host` ENABLE KEYS */;
UNLOCK TABLES;

--
-- Table structure for table `Region`
--

DROP TABLE IF EXISTS `Region`;
/*!40101 SET @saved_cs_client     = @@character_set_client */;
/*!40101 SET character_set_client = utf8 */;
CREATE TABLE `Region` (
  `Id` int(10) unsigned NOT NULL auto_increment,
  `Name` varchar(255) default NULL,
  PRIMARY KEY  (`Id`)
) ENGINE=MyISAM AUTO_INCREMENT=4 DEFAULT CHARSET=latin1;
/*!40101 SET character_set_client = @saved_cs_client */;

--
-- Dumping data for table `Region`
--

LOCK TABLES `Region` WRITE;
/*!40000 ALTER TABLE `Region` DISABLE KEYS */;
INSERT INTO `Region` VALUES (1,'AMER'),(2,'EMEA'),(3,'ASIA');
/*!40000 ALTER TABLE `Region` ENABLE KEYS */;
UNLOCK TABLES;
/*!40103 SET TIME_ZONE=@OLD_TIME_ZONE */;

/*!40101 SET SQL_MODE=@OLD_SQL_MODE */;
/*!40014 SET FOREIGN_KEY_CHECKS=@OLD_FOREIGN_KEY_CHECKS */;
/*!40014 SET UNIQUE_CHECKS=@OLD_UNIQUE_CHECKS */;
/*!40101 SET CHARACTER_SET_CLIENT=@OLD_CHARACTER_SET_CLIENT */;
/*!40101 SET CHARACTER_SET_RESULTS=@OLD_CHARACTER_SET_RESULTS */;
/*!40101 SET COLLATION_CONNECTION=@OLD_COLLATION_CONNECTION */;
/*!40111 SET SQL_NOTES=@OLD_SQL_NOTES */;

-- Dump completed on 2013-11-19  9:42:31
